Sample_GTATCTC-TATGCAGT_4R009_L1_P043_R2.fq.gz,WD_A6_Rep1_P043_R2.fq.gz
Sample_ACCAGCA-TATGCAGT_4R009_L1_P059_R2.fq.gz,WD_A7_Rep2_P059_R2.fq.gz
Sample_TCGCCAA-CTCCTTAC_4R009_L1_P005_R2.fq.gz,ED_A4_Rep3_P005_R2.fq.gz
Sample_CACTTGA-CTCCTTAC_4R009_L1_P049_R1.fq.gz,ED_A7_Rep1_P049_R1.fq.gz
Sample_ATGCATG-CTCCTTAC_4R009_L1_P004_R1.fq.gz,ED_A4_Rep2_P004_R1.fq.gz
Sample_CACGTTC-CTCCTTAC_4R009_L1_P035_R2.fq.gz,ED_A6_Rep2_P035_R2.fq.gz
Sample_CGTTCTT-CTCCTTAC_4R009_L1_P020_R1.fq.gz,ED_A5_Rep2_P020_R1.fq.gz
Sample_AGAGTGC-TATGCAGT_4R009_L1_P028_R1.fq.gz,WD_A5_Rep1_P028_R1.fq.gz
Sample_GGAATGT-CTCCTTAC_4R009_L1_P051_R1.fq.gz,ED_A7_Rep3_P051_R1.fq.gz
Sample_TTCGACG-CTCCTTAC_4R009_L1_P021_R2.fq.gz,ED_A5_Rep3_P021_R2.fq.gz
Sample_CACGTTC-CTCCTTAC_4R009_L1_P035_R1.fq.gz,ED_A6_Rep2_P035_R1.fq.gz
Sample_GGAATGT-CTCCTTAC_4R009_L1_P051_R2.fq.gz,ED_A7_Rep3_P051_R2.fq.gz
Sample_AGAGTGC-TATGCAGT_4R009_L1_P028_R2.fq.gz,WD_A5_Rep1_P028_R2.fq.gz
Sample_CGTTCTT-CTCCTTAC_4R009_L1_P020_R2.fq.gz,ED_A5_Rep2_P020_R2.fq.gz
Sample_TTCGACG-CTCCTTAC_4R009_L1_P021_R1.fq.gz,ED_A5_Rep3_P021_R1.fq.gz
Sample_GTATCTC-TATGCAGT_4R009_L1_P043_R1.fq.gz,WD_A6_Rep1_P043_R1.fq.gz
Sample_ACCAGCA-TATGCAGT_4R009_L1_P059_R1.fq.gz,WD_A7_Rep2_P059_R1.fq.gz
Sample_TCGCCAA-CTCCTTAC_4R009_L1_P005_R1.fq.gz,ED_A4_Rep3_P005_R1.fq.gz
Sample_ATGCATG-CTCCTTAC_4R009_L1_P004_R2.fq.gz,ED_A4_Rep2_P004_R2.fq.gz
Sample_CACTTGA-CTCCTTAC_4R009_L1_P049_R2.fq.gz,ED_A7_Rep1_P049_R2.fq.gz
Sample_CCTAGAT-TATGCAGT_4R009_L1_P045_R2.fq.gz,WD_A6_Rep3_P045_R2.fq.gz
Sample_CGTTCTT-TATGCAGT_4R009_L1_P029_R2.fq.gz,WD_A5_Rep2_P029_R2.fq.gz
Sample_ATGCATG-TATGCAGT_4R009_L1_P013_R1.fq.gz,WD_A4_Rep1_P013_R1.fq.gz
Sample_ATAGCTG-TATGCAGT_4R009_L1_P015_R2.fq.gz,WD_A4_Rep4_P015_R2.fq.gz
Sample_CACTTGA-TATGCAGT_4R009_L1_P058_R2.fq.gz,WD_A7_Rep1_P058_R2.fq.gz
Sample_TCGCCAA-TATGCAGT_4R009_L1_P014_R1.fq.gz,WD_A4_Rep2_P014_R1.fq.gz
Sample_CACGTTC-TATGCAGT_4R009_L1_P044_R1.fq.gz,WD_A6_Rep2_P044_R1.fq.gz
Sample_CCTAGAT-CTCCTTAC_4R009_L1_P036_R1.fq.gz,ED_A6_Rep3_P036_R1.fq.gz
Sample_ACCAGCA-CTCCTTAC_4R009_L1_P050_R1.fq.gz,ED_A7_Rep2_P050_R1.fq.gz
Sample_GTATCTC-CTCCTTAC_4R009_L1_P034_R2.fq.gz,ED_A6_Rep1_P034_R2.fq.gz
Sample_GGAATGT-TATGCAGT_4R009_L1_P060_R2.fq.gz,WD_A7_Rep3_P060_R2.fq.gz
Sample_AGAGTGC-CTCCTTAC_4R009_L1_P019_R2.fq.gz,ED_A5_Rep1_P019_R2.fq.gz
Sample_TTCGACG-TATGCAGT_4R009_L1_P030_R1.fq.gz,WD_A5_Rep3_P030_R1.fq.gz
Sample_ATAGCTG-CTCCTTAC_4R009_L1_P006_R1.fq.gz,ED_A4_Rep4_P006_R1.fq.gz
Sample_GTATCTC-CTCCTTAC_4R009_L1_P034_R1.fq.gz,ED_A6_Rep1_P034_R1.fq.gz
Sample_ACCAGCA-CTCCTTAC_4R009_L1_P050_R2.fq.gz,ED_A7_Rep2_P050_R2.fq.gz
Sample_TTCGACG-TATGCAGT_4R009_L1_P030_R2.fq.gz,WD_A5_Rep3_P030_R2.fq.gz
Sample_AGAGTGC-CTCCTTAC_4R009_L1_P019_R1.fq.gz,ED_A5_Rep1_P019_R1.fq.gz
Sample_GGAATGT-TATGCAGT_4R009_L1_P060_R1.fq.gz,WD_A7_Rep3_P060_R1.fq.gz
Sample_ATAGCTG-CTCCTTAC_4R009_L1_P006_R2.fq.gz,ED_A4_Rep4_P006_R2.fq.gz
Sample_CGTTCTT-TATGCAGT_4R009_L1_P029_R1.fq.gz,WD_A5_Rep2_P029_R1.fq.gz
Sample_CCTAGAT-TATGCAGT_4R009_L1_P045_R1.fq.gz,WD_A6_Rep3_P045_R1.fq.gz
Sample_ATGCATG-TATGCAGT_4R009_L1_P013_R2.fq.gz,WD_A4_Rep1_P013_R2.fq.gz
Sample_CACTTGA-TATGCAGT_4R009_L1_P058_R1.fq.gz,WD_A7_Rep1_P058_R1.fq.gz
Sample_ATAGCTG-TATGCAGT_4R009_L1_P015_R1.fq.gz,WD_A4_Rep4_P015_R1.fq.gz
Sample_CCTAGAT-CTCCTTAC_4R009_L1_P036_R2.fq.gz,ED_A6_Rep3_P036_R2.fq.gz
Sample_CACGTTC-TATGCAGT_4R009_L1_P044_R2.fq.gz,WD_A6_Rep2_P044_R2.fq.gz
Sample_TCGCCAA-TATGCAGT_4R009_L1_P014_R2.fq.gz,WD_A4_Rep2_P014_R2.fq.gz
